Name,Price,Alcohol,Desc,Discount,Quantity
WOODFORD,6.4,1,alcohol beverage,-0.0,68
Entwine,12.2,1,alcohol beverage,-0.1,87
Carnivor,16.7,1,alcohol beverage,-0.1,89
Meiomi,2.8,1,alcohol beverage,-0.0,70
Premium Dark Chocolate,6.9,0, with Mint Cookie Crunch and Rosemary Walnut Raisin,-0.0,81
Greek Yogurt,12.5,0, Lemon,-0.0,67
Blended Strawberry Lowfat Yogurt,11.1,0,Blended Strawberry Lowfat Yogurt,-0.1,71
Soft Cremes,10.9,0, Butterscotch & Caramel,-0.0,61
Porridge,11.2,0, Heirloom Rye,-0.0,63
Shredded Mozzarella Cheese,12.3,0,Shredded Mozzarella Cheese,-0.1,59
Burrito,5.4,0, Bean & Cheese,-0.1,61
Red Wine Vinegar,14.0,0,Red Wine Vinegar,-0.0,56
Sweet Strawberry Smoothie,15.6,0, Pasta,-0.0,51
Kendall-Jackson,14.5,1,alcohol beverage,-0.0,72
BOGLE,6.6,1,alcohol beverage,-0.0,44
Bartenura,5.3,1,alcohol beverage,-0.0,44
Middle,16.6,1,alcohol beverage,-0.0,72
Cook's,6.3,1,alcohol beverage,-0.0,50
Brown Rice 14 Oz,13.0,0,Brown Rice 14 Oz,-0.1,95
Chicken Sausage Burgers,5.0,0, Hot Italian Style,-0.1,50
European Baguette,10.4,0,European Baguette,-0.1,60
Tortilla Chips,12.2,0, Thick & Hearty Rounds,-0.0,60
Simply Made Cookies,11.5,0, Butter,-0.0,87
Chicken Breast,13.4,0, White Premium Chunk,-0.0,51
Bread,3.4,0, Premium White Enriched,-0.0,99
Lolailo,2.9,1,alcohol beverage,-0.1,50
Estancia,13.9,1,alcohol beverage,-0.1,67
Coppola,13.6,1,alcohol beverage,-0.0,51
Promisqous,14.7,1,alcohol beverage,-0.1,38
Shredded Cheese,16.8,0, Mozzarella,-0.0,72
Hot Dogs,9.2,0, Savory Meatless Franks,-0.0,50
Cheese,16.8,0, Italian Three Cheese,-0.1,64
Mini Omelets,4.2,0, with Reduced Fat Cheese,-0.0,49
Fruit Drink,16.6,0, Mixed Berry,-0.0,99
Potato Chips,12.8,0, Mild Cheddar,-0.1,56
Trout,4.6,0, Fireman's,-0.1,36
Raisin Bran,13.9,0, Golden Smoked Fillets 3.75 Oz,-0.1,97
Ripe Pitted Large Olives,7.1,0, Sharp Cheddar,-0.1,80
Chicken Kiev,7.1,0, BBQ Chicken,-0.0,38
Empanadas,8.3,0,Empanadas,-0.1,67
Southwestern Marinade,8.0,0, Beef,-0.1,51
Aged White Cheddar Popcorn,11.7,0,Aged White Cheddar Popcorn,-0.1,45
Cheddar Cheese Twice Baked Potatoes,11.7,0,Whole Peeled,-0.1,80
Frozen Smoothie Kit,7.3,0, Chocolate Peanut Butter,-0.0,87
Red Salmon,6.7,0, Fat Free,-0.1,82
Bud Light,16.0,1,alcohol beverage,-0.1,36
Corona Extra,15.1,1, Wild Alaska Sockeye,-0.1,97
Rolling Rock,7.8,1,alcohol beverage,-0.0,66
Stella Artois,5.4,1, Pineapple Banana,-0.0,87
Riunite,11.0,1, Wranglers Coarse Ground Cheese Smoked,-0.1,86
Effen,6.6,1,alcohol beverage,-0.0,77
RUMCHATA,9.3,1,alcohol beverage,-0.0,47
Pinnacle,2.3,1, Absolutely Zero,-0.0,48
Woodbridge,15.4,1, Holiday Homestyle,-0.0,82
Belle,5.3,1,alcohol beverage,-0.1,89
Shasta,13.4,1, Smooth with Caramel,-0.1,52
PongCaddie,14.8,1,alcohol beverage,-0.1,72
Budweiser,12.7,1,alcohol beverage,-0.0,36
Daily's,5.5,1,alcohol beverage,-0.1,71
Oak Leaf,13.7,1,alcohol beverage,-0.1,62
Martini & Rossi,11.1,1,alcohol beverage,-0.0,74
Sam's Choice,3.4,1,alcohol beverage,-0.1,70
Crown Royal,3.2,1,alcohol beverage,-0.1,86
Solana,15.9,1,alcohol beverage,-0.1,41
Cashews,9.8,0, BBQ Seasoned,-0.1,71
Salsa,5.7,0, 2% Reduced Fat,-0.0,74
Energy Gel,9.3,0,Energy Gel,-0.1,73
Pancakes,8.7,0,Pancakes,-0.0,43
Shortbread Tartlet Shells,12.3,0, Apple Lemon Ginger Cayenne Pepper,-0.1,92
Medallones Poblanos,7.1,0,Medallones Poblanos,-0.1,53
100% Pure Squeezed Orange Juice,15.0,0, Halves & Pieces Roasted,-0.1,70
Dressing,8.6,0, Original Gourmet,-0.0,62
Steamers Basil Vegetable Medley,2.2,0, Banana Peach,-0.1,98
Nonfat Greek Yogurt,9.2,0, Chocolate Chip,-0.0,55
Ziti,11.2,0,Ziti,-0.0,79
Raw Chocolate Truffle,4.4,0,Raw Chocolate Truffle,-0.0,51
Sausage Biscuits,7.9,0,Sausage Biscuits,-0.1,60
Turkey Breast,7.4,0, Sesame Ginger Dressing All Natural,-0.1,97
Pork Roll,12.7,0,Pork Roll,-0.1,69
Italian Rolls,4.1,0, Classic Cherry Fruit on the Bottom,-0.1,84
Mint Chocolate Chip Ice Cream,7.3,0,Mint Chocolate Chip Ice Cream,-0.1,49
Assorted Gelatin,14.7,0,Assorted Gelatin,-0.1,74
Chunk Light Tuna,12.5,0,Chunk Light Tuna,-0.0,37
Yogurt,2.7,0, Almond Caramel,-0.0,79
USDA Choice Top Sirloin Steak,12.0,0, Oven Roasted Shaved,-0.0,79
Ice Cream,3.8,0, Mild,-0.0,67
Chicken Wings,7.0,0,Chicken Wings,-0.0,51
Meatless Kielbasa,17.0,0,Meatless Kielbasa,-0.1,96
Sandwich Rounds,16.3,0,Sandwich Rounds,-0.0,45
Helados Mexico,10.1,1,alcohol beverage,-0.0,100
Bartles & James,8.1,1,alcohol beverage,-0.0,61
Admiral Nelson,15.0,1,alcohol beverage,-0.0,79
ROCKDALE,13.9,1,alcohol beverage,-0.0,82
Jack Daniel's,16.6,1,alcohol beverage,-0.0,45
KNOB CREEK,2.9,1,alcohol beverage,-0.1,82
MOGEN DAVID,6.5,1,alcohol beverage,-0.0,83
Carlo Rossi,4.6,1,alcohol beverage,-0.1,56
HORNITOS,13.6,1,alcohol beverage,-0.1,94
Blue Moon,11.9,1,alcohol beverage,-0.1,77
Spicy Pickles in Pretzel Coating,16.2,0, Koka Moka,-0.0,66
Organic,8.0,0, White Garlic,-0.1,73
Beef Jerky,4.5,0,Beef Jerky,-0.1,99
Smoothie,14.0,0,Smoothie,-0.1,35
Razz-Ade,7.6,0, Yellow Cling Sliced Peaches,-0.1,54
Simmer Sauce,2.9,0, Teriyaki,-0.1,43
Peanut Butter Powder,3.6,0, Tropical Passion,-0.1,47
Double Chocolate Muffin,3.8,0,Double Chocolate Muffin,-0.1,87
Trail Mix Premium Cookies,13.8,0, Butter Chicken,-0.1,59
Oatmeal Toasters,13.0,0,Oatmeal Toasters,-0.0,95
Authentic Red Beans & Rice,9.7,0,Authentic Red Beans & Rice,-0.1,59
Enrichie Vanille,10.9,0,Enrichie Vanille,-0.1,54
Fruit'n Yogurt Snacks,5.3,0, Cranberry Orange,-0.0,77
Assorted Lollies,6.4,0,Assorted Lollies,-0.1,92
Michigan Russet Potatoes,10.3,0,Michigan Russet Potatoes,-0.1,66
Stuffed Ham and Swiss Chicken Burgers,5.6,0, Blueberry,-0.1,100
Bagel Crisps,7.3,0,Bagel Crisps,-0.1,80
Fruit Salad,14.5,0, Sweetened Condensed,-0.0,63
1% Lowfat Milk,16.9,0,1% Lowfat Milk,-0.0,34
Tri-Color Cheese Tortellini,5.5,0,Tri-Color Cheese Tortellini,-0.1,45
Blackberry Cobbler,16.8,0, Roasted Garlic,-0.0,36
Infused Balsamic Vinegar,10.8,0, Tropical,-0.1,58
Shrimp,16.9,0,Shrimp,-0.1,40
Trail Mix,5.1,0,Trail Mix,-0.0,65
Feta Cheese,5.3,0,Feta Cheese,-0.0,37
Mesquite Marinade,15.0,0,Mesquite Marinade,-0.0,87
Sour Cream,3.9,0,Sour Cream,-0.1,48
California Roots,15.1,1,alcohol beverage,-0.0,88
Beck's Na,8.5,1,alcohol beverage,-0.0,34
Strongbow,7.4,1,alcohol beverage,-0.0,99
CRA-Z-ART,7.6,1, Light,-0.0,94
Silver Spring,3.3,1, Garlic Parmesan,-0.0,78
Jose Cuervo,6.8,1, Mixed Fruit,-0.1,68
Regatta,14.6,1,alcohol beverage,-0.0,63
boomchugalug,15.8,1,alcohol beverage,-0.1,41
Rose's,10.9,1, Peppercorn Blend,-0.1,44
Heineken,4.0,1, Condensed,-0.1,60
Roland,4.5,1,alcohol beverage,-0.1,61
Schweppes,14.8,1, with Broccoli,-0.0,62
Bar-S,7.6,1, Pinto,-0.1,81
Mirassou,11.8,1, Elderberry Hibiscus,-0.1,84
KooL-Aid,10.5,1, Jelly Bean,-0.1,100
Clamato,11.3,1,alcohol beverage,-0.1,47
ALAMOS,6.9,1, Light Caramel Glaze,-0.0,43
Melitta,5.6,1, Verde,-0.1,75
Leinenkugel's,2.6,1,alcohol beverage,-0.1,74
Seagram's,10.7,1,alcohol beverage,-0.0,60
El Jimador,13.8,1, Apple Cherry & Pear,-0.1,80
Dirty Sue,8.1,1, Golden Battered,-0.1,91
Vita Foods,10.5,1, Multigrain,-0.1,44
VIRGILS,15.6,1, Golden Curry,-0.1,76
Moet Chandon,9.7,1,alcohol beverage,-0.1,88
Wild,8.3,1,alcohol beverage,-0.0,76
Bravino,15.1,1,alcohol beverage,-0.0,100
WOODFORD,10.4,1,alcohol beverage,-0.0,89
Entwine,10.0,1,alcohol beverage,-0.1,65
Carnivor,8.2,1,alcohol beverage,-0.1,43
Meiomi,2.9,1,alcohol beverage,-0.1,63
Premium Dark Chocolate,12.9,0, with Mint Cookie Crunch and Rosemary Walnut Raisin,-0.1,96
Greek Yogurt,14.8,0, Lemon,-0.0,41
Blended Strawberry Lowfat Yogurt,7.9,0,Blended Strawberry Lowfat Yogurt,-0.1,76
Soft Cremes,2.4,0, Butterscotch & Caramel,-0.1,83
Porridge,12.3,0, Heirloom Rye,-0.0,45
Shredded Mozzarella Cheese,7.5,0,Shredded Mozzarella Cheese,-0.0,81
Burrito,11.1,0, Bean & Cheese,-0.1,98
Red Wine Vinegar,11.4,0,Red Wine Vinegar,-0.1,37
Sweet Strawberry Smoothie,16.0,0, Pasta,-0.0,75
Kendall-Jackson,5.3,1,alcohol beverage,-0.0,43
BOGLE,15.1,1,alcohol beverage,-0.0,55
Bartenura,3.5,1,alcohol beverage,-0.0,89
Middle,5.4,1,alcohol beverage,-0.1,47
Cook's,6.4,1,alcohol beverage,-0.1,82
Brown Rice 14 Oz,13.7,0,Brown Rice 14 Oz,-0.1,34
Chicken Sausage Burgers,16.2,0, Hot Italian Style,-0.0,72
European Baguette,9.0,0,European Baguette,-0.1,80
Tortilla Chips,12.3,0, Thick & Hearty Rounds,-0.0,80
Simply Made Cookies,7.9,0, Butter,-0.0,94
Chicken Breast,5.1,0, White Premium Chunk,-0.0,34
Bread,11.6,0, Premium White Enriched,-0.1,44
Lolailo,8.9,1,alcohol beverage,-0.1,50
Estancia,9.9,1,alcohol beverage,-0.0,35
Coppola,16.9,1,alcohol beverage,-0.0,72
Promisqous,5.1,1,alcohol beverage,-0.0,94
Shredded Cheese,14.3,0, Mozzarella,-0.0,84
Hot Dogs,10.0,0, Savory Meatless Franks,-0.1,99
Cheese,5.7,0, Italian Three Cheese,-0.1,94
Mini Omelets,9.6,0, with Reduced Fat Cheese,-0.0,69
Fruit Drink,10.2,0, Mixed Berry,-0.0,42
Potato Chips,10.1,0, Mild Cheddar,-0.1,67
Trout,2.1,0, Fireman's,-0.1,50
Raisin Bran,12.6,0, Golden Smoked Fillets 3.75 Oz,-0.0,48
Ripe Pitted Large Olives,11.9,0, Sharp Cheddar,-0.1,61
Chicken Kiev,13.6,0, BBQ Chicken,-0.1,45
Empanadas,8.7,0,Empanadas,-0.1,42
Southwestern Marinade,3.2,0, Beef,-0.1,52
Aged White Cheddar Popcorn,16.6,0,Aged White Cheddar Popcorn,-0.0,86
Cheddar Cheese Twice Baked Potatoes,3.5,0,Whole Peeled,-0.1,78
Frozen Smoothie Kit,14.9,0, Chocolate Peanut Butter,-0.0,91
Red Salmon,16.6,0, Fat Free,-0.0,89
Bud Light,4.2,1,alcohol beverage,-0.1,72
Corona Extra,7.2,1, Wild Alaska Sockeye,-0.1,91
Rolling Rock,7.5,1,alcohol beverage,-0.0,66
Stella Artois,7.0,1, Pineapple Banana,-0.1,64
Riunite,4.0,1, Wranglers Coarse Ground Cheese Smoked,-0.1,39
Effen,2.6,1,alcohol beverage,-0.1,40
RUMCHATA,16.7,1,alcohol beverage,-0.1,80
Pinnacle,6.7,1, Absolutely Zero,-0.0,56
Woodbridge,7.7,1, Holiday Homestyle,-0.0,47
Belle,8.1,1,alcohol beverage,-0.1,79
Shasta,15.0,1, Smooth with Caramel,-0.1,56
PongCaddie,5.8,1,alcohol beverage,-0.0,50
Budweiser,3.6,1,alcohol beverage,-0.0,48
Daily's,17.0,1,alcohol beverage,-0.1,64
Oak Leaf,10.4,1,alcohol beverage,-0.1,53
Martini & Rossi,15.2,1,alcohol beverage,-0.1,52
Sam's Choice,15.9,1,alcohol beverage,-0.1,86
Crown Royal,14.3,1,alcohol beverage,-0.1,72
Solana,15.4,1,alcohol beverage,-0.0,83
Cashews,12.3,0, BBQ Seasoned,-0.0,74
Salsa,12.3,0, 2% Reduced Fat,-0.1,70
Energy Gel,14.8,0,Energy Gel,-0.1,93
Pancakes,5.6,0,Pancakes,-0.0,92
Shortbread Tartlet Shells,7.8,0, Apple Lemon Ginger Cayenne Pepper,-0.1,52
Medallones Poblanos,9.2,0,Medallones Poblanos,-0.1,75
100% Pure Squeezed Orange Juice,4.1,0, Halves & Pieces Roasted,-0.1,83
Dressing,5.8,0, Original Gourmet,-0.1,52
Steamers Basil Vegetable Medley,5.3,0, Banana Peach,-0.1,89
Nonfat Greek Yogurt,8.2,0, Chocolate Chip,-0.0,60
Ziti,4.9,0,Ziti,-0.0,64
Raw Chocolate Truffle,6.4,0,Raw Chocolate Truffle,-0.1,43
Sausage Biscuits,8.3,0,Sausage Biscuits,-0.1,94
Turkey Breast,5.4,0, Sesame Ginger Dressing All Natural,-0.0,89
Pork Roll,9.3,0,Pork Roll,-0.1,68
Italian Rolls,16.4,0, Classic Cherry Fruit on the Bottom,-0.0,52
Mint Chocolate Chip Ice Cream,10.5,0,Mint Chocolate Chip Ice Cream,-0.0,57
Assorted Gelatin,15.3,0,Assorted Gelatin,-0.1,70
Chunk Light Tuna,10.4,0,Chunk Light Tuna,-0.0,61
Yogurt,13.3,0, Almond Caramel,-0.0,66
USDA Choice Top Sirloin Steak,5.0,0, Oven Roasted Shaved,-0.1,53
Ice Cream,6.9,0, Mild,-0.1,50
Chicken Wings,4.5,0,Chicken Wings,-0.1,65
Meatless Kielbasa,8.2,0,Meatless Kielbasa,-0.1,92
Sandwich Rounds,13.1,0,Sandwich Rounds,-0.0,66
Helados Mexico,16.4,1,alcohol beverage,-0.0,88
Bartles & James,7.7,1,alcohol beverage,-0.0,34
Admiral Nelson,13.1,1,alcohol beverage,-0.1,79
ROCKDALE,4.8,1,alcohol beverage,-0.1,45
Jack Daniel's,3.6,1,alcohol beverage,-0.0,70
KNOB CREEK,13.0,1,alcohol beverage,-0.0,89
MOGEN DAVID,4.2,1,alcohol beverage,-0.0,90
Carlo Rossi,11.4,1,alcohol beverage,-0.0,39
HORNITOS,10.1,1,alcohol beverage,-0.1,71
Blue Moon,11.1,1,alcohol beverage,-0.1,40
Spicy Pickles in Pretzel Coating,2.7,0, Koka Moka,-0.1,54
Organic,10.1,0, White Garlic,-0.0,82
Beef Jerky,2.4,0,Beef Jerky,-0.1,54
Smoothie,5.5,0,Smoothie,-0.1,46
Razz-Ade,7.2,0, Yellow Cling Sliced Peaches,-0.0,98
Simmer Sauce,12.5,0, Teriyaki,-0.0,94
Peanut Butter Powder,15.3,0, Tropical Passion,-0.1,60
Double Chocolate Muffin,5.6,0,Double Chocolate Muffin,-0.1,52
Trail Mix Premium Cookies,4.9,0, Butter Chicken,-0.0,38
Oatmeal Toasters,10.6,0,Oatmeal Toasters,-0.1,34
Authentic Red Beans & Rice,5.3,0,Authentic Red Beans & Rice,-0.1,70
Enrichie Vanille,16.7,0,Enrichie Vanille,-0.1,90
Fruit'n Yogurt Snacks,6.5,0, Cranberry Orange,-0.0,92
Assorted Lollies,9.3,0,Assorted Lollies,-0.0,74
Michigan Russet Potatoes,14.2,0,Michigan Russet Potatoes,-0.1,34
Stuffed Ham and Swiss Chicken Burgers,6.9,0, Blueberry,-0.1,62
Bagel Crisps,13.5,0,Bagel Crisps,-0.0,69
Fruit Salad,3.1,0, Sweetened Condensed,-0.1,35
1% Lowfat Milk,13.4,0,1% Lowfat Milk,-0.0,47
Tri-Color Cheese Tortellini,8.3,0,Tri-Color Cheese Tortellini,-0.0,99
Blackberry Cobbler,4.5,0, Roasted Garlic,-0.1,77
Infused Balsamic Vinegar,8.7,0, Tropical,-0.0,89
Shrimp,14.7,0,Shrimp,-0.0,84
Trail Mix,12.6,0,Trail Mix,-0.0,54
Feta Cheese,10.9,0,Feta Cheese,-0.1,44
Mesquite Marinade,4.1,0,Mesquite Marinade,-0.0,45
Sour Cream,14.2,0,Sour Cream,-0.1,75
California Roots,4.0,1,alcohol beverage,-0.1,60
Beck's Na,2.8,1,alcohol beverage,-0.1,71
Strongbow,2.6,1,alcohol beverage,-0.0,37
CRA-Z-ART,12.2,1, Light,-0.0,54
Silver Spring,13.0,1, Garlic Parmesan,-0.0,75
Jose Cuervo,9.3,1, Mixed Fruit,-0.0,97
Regatta,2.9,1,alcohol beverage,-0.1,54
boomchugalug,2.1,1,alcohol beverage,-0.0,42
Rose's,9.6,1, Peppercorn Blend,-0.0,68
Heineken,7.2,1, Condensed,-0.0,35
Roland,7.5,1,alcohol beverage,-0.0,97
Schweppes,13.9,1, with Broccoli,-0.0,86
Bar-S,10.8,1, Pinto,-0.1,64
Mirassou,10.1,1, Elderberry Hibiscus,-0.1,84
KooL-Aid,15.3,1, Jelly Bean,-0.1,76
Clamato,12.1,1,alcohol beverage,-0.1,46
ALAMOS,11.0,1, Light Caramel Glaze,-0.1,76
Melitta,4.0,1, Verde,-0.0,87
Leinenkugel's,15.3,1,alcohol beverage,-0.0,35
Seagram's,11.0,1,alcohol beverage,-0.1,39
El Jimador,9.3,1, Apple Cherry & Pear,-0.0,79
Dirty Sue,14.3,1, Golden Battered,-0.0,39
Vita Foods,3.7,1, Multigrain,-0.1,64
VIRGILS,11.7,1, Golden Curry,-0.1,94
Moet Chandon,11.3,1,alcohol beverage,-0.1,87
Wild,11.4,1,alcohol beverage,-0.0,43
Bravino,9.9,1,alcohol beverage,-0.1,42
WOODFORD,4.2,1,alcohol beverage,-0.0,85
Entwine,6.8,1,alcohol beverage,-0.1,100
Carnivor,6.9,1,alcohol beverage,-0.0,67
Meiomi,6.7,1,alcohol beverage,-0.1,98
Premium Dark Chocolate,11.9,0, with Mint Cookie Crunch and Rosemary Walnut Raisin,-0.1,37
Greek Yogurt,13.2,0, Lemon,-0.1,70
Blended Strawberry Lowfat Yogurt,4.1,0,Blended Strawberry Lowfat Yogurt,-0.0,41
Soft Cremes,4.3,0, Butterscotch & Caramel,-0.1,67
Porridge,6.5,0, Heirloom Rye,-0.1,66
Shredded Mozzarella Cheese,11.6,0,Shredded Mozzarella Cheese,-0.1,59
Burrito,13.0,0, Bean & Cheese,-0.1,73
Red Wine Vinegar,10.5,0,Red Wine Vinegar,-0.1,63
Sweet Strawberry Smoothie,12.0,0, Pasta,-0.0,70
Kendall-Jackson,9.3,1,alcohol beverage,-0.1,97
BOGLE,13.3,1,alcohol beverage,-0.0,44
Bartenura,4.6,1,alcohol beverage,-0.1,72
Middle,2.7,1,alcohol beverage,-0.0,65
Cook's,16.8,1,alcohol beverage,-0.0,86
Brown Rice 14 Oz,5.5,0,Brown Rice 14 Oz,-0.1,34
Chicken Sausage Burgers,9.7,0, Hot Italian Style,-0.0,69
European Baguette,7.2,0,European Baguette,-0.0,39
Tortilla Chips,13.1,0, Thick & Hearty Rounds,-0.0,95
Simply Made Cookies,2.1,0, Butter,-0.1,57
Chicken Breast,6.6,0, White Premium Chunk,-0.0,51
Bread,14.0,0, Premium White Enriched,-0.1,64
Lolailo,4.9,1,alcohol beverage,-0.1,66
Estancia,11.1,1,alcohol beverage,-0.1,77
Coppola,9.9,1,alcohol beverage,-0.0,38
Promisqous,15.3,1,alcohol beverage,-0.0,59
Shredded Cheese,15.3,0, Mozzarella,-0.0,80
Hot Dogs,11.3,0, Savory Meatless Franks,-0.0,97
Cheese,12.7,0, Italian Three Cheese,-0.1,36
Mini Omelets,13.9,0, with Reduced Fat Cheese,-0.1,84
Fruit Drink,8.5,0, Mixed Berry,-0.1,84
Potato Chips,2.2,0, Mild Cheddar,-0.0,98
Trout,9.6,0, Fireman's,-0.0,76
Raisin Bran,11.4,0, Golden Smoked Fillets 3.75 Oz,-0.0,82
Ripe Pitted Large Olives,7.9,0, Sharp Cheddar,-0.0,36
Chicken Kiev,8.2,0, BBQ Chicken,-0.1,69
Empanadas,12.4,0,Empanadas,-0.1,54
Southwestern Marinade,16.6,0, Beef,-0.0,64
Aged White Cheddar Popcorn,15.9,0,Aged White Cheddar Popcorn,-0.0,65
Cheddar Cheese Twice Baked Potatoes,13.7,0,Whole Peeled,-0.0,60
Frozen Smoothie Kit,13.1,0, Chocolate Peanut Butter,-0.1,57
Red Salmon,14.6,0, Fat Free,-0.0,70
Bud Light,5.3,1,alcohol beverage,-0.0,39
Corona Extra,5.2,1, Wild Alaska Sockeye,-0.1,60
Rolling Rock,7.5,1,alcohol beverage,-0.1,63
Stella Artois,7.7,1, Pineapple Banana,-0.1,55
Riunite,14.8,1, Wranglers Coarse Ground Cheese Smoked,-0.0,51
Effen,11.5,1,alcohol beverage,-0.1,60
RUMCHATA,13.1,1,alcohol beverage,-0.1,36
Pinnacle,8.2,1, Absolutely Zero,-0.1,82
Woodbridge,10.0,1, Holiday Homestyle,-0.0,57
Belle,12.4,1,alcohol beverage,-0.1,57
Shasta,6.9,1, Smooth with Caramel,-0.0,85
PongCaddie,8.3,1,alcohol beverage,-0.0,59
Budweiser,14.0,1,alcohol beverage,-0.1,80
Daily's,15.9,1,alcohol beverage,-0.1,75
Oak Leaf,10.1,1,alcohol beverage,-0.1,63
Martini & Rossi,9.3,1,alcohol beverage,-0.1,59
Sam's Choice,5.2,1,alcohol beverage,-0.1,93
Crown Royal,4.6,1,alcohol beverage,-0.0,98
Solana,14.2,1,alcohol beverage,-0.1,90
Cashews,4.0,0, BBQ Seasoned,-0.0,94
Salsa,10.2,0, 2% Reduced Fat,-0.1,34
Energy Gel,10.5,0,Energy Gel,-0.0,80
Pancakes,3.2,0,Pancakes,-0.0,36
Shortbread Tartlet Shells,10.3,0, Apple Lemon Ginger Cayenne Pepper,-0.0,61
Medallones Poblanos,16.3,0,Medallones Poblanos,-0.1,95
100% Pure Squeezed Orange Juice,2.5,0, Halves & Pieces Roasted,-0.1,87
Dressing,2.1,0, Original Gourmet,-0.1,60
Steamers Basil Vegetable Medley,6.5,0, Banana Peach,-0.1,75
Nonfat Greek Yogurt,12.0,0, Chocolate Chip,-0.1,36
Ziti,8.8,0,Ziti,-0.1,60
Raw Chocolate Truffle,7.0,0,Raw Chocolate Truffle,-0.1,88
Sausage Biscuits,4.1,0,Sausage Biscuits,-0.0,35
Turkey Breast,11.7,0, Sesame Ginger Dressing All Natural,-0.0,48
Pork Roll,15.3,0,Pork Roll,-0.0,96
Italian Rolls,16.7,0, Classic Cherry Fruit on the Bottom,-0.0,84
Mint Chocolate Chip Ice Cream,10.4,0,Mint Chocolate Chip Ice Cream,-0.0,39
Assorted Gelatin,12.4,0,Assorted Gelatin,-0.0,54
Chunk Light Tuna,5.3,0,Chunk Light Tuna,-0.0,45
Yogurt,9.8,0, Almond Caramel,-0.0,62
USDA Choice Top Sirloin Steak,7.9,0, Oven Roasted Shaved,-0.1,37
Ice Cream,10.5,0, Mild,-0.1,65
Chicken Wings,14.3,0,Chicken Wings,-0.0,100
Meatless Kielbasa,15.4,0,Meatless Kielbasa,-0.1,35
Sandwich Rounds,10.6,0,Sandwich Rounds,-0.1,52
Helados Mexico,12.8,1,alcohol beverage,-0.1,46
Bartles & James,14.3,1,alcohol beverage,-0.0,35
Admiral Nelson,4.2,1,alcohol beverage,-0.1,88
ROCKDALE,16.4,1,alcohol beverage,-0.1,50
Jack Daniel's,3.1,1,alcohol beverage,-0.1,42
KNOB CREEK,10.1,1,alcohol beverage,-0.0,41
MOGEN DAVID,7.6,1,alcohol beverage,-0.0,92
Carlo Rossi,12.7,1,alcohol beverage,-0.1,34
HORNITOS,17.0,1,alcohol beverage,-0.1,93
Blue Moon,12.7,1,alcohol beverage,-0.1,95
Spicy Pickles in Pretzel Coating,4.0,0, Koka Moka,-0.1,97
Organic,10.6,0, White Garlic,-0.1,46
Beef Jerky,9.5,0,Beef Jerky,-0.0,44
Smoothie,2.0,0,Smoothie,-0.0,47
Razz-Ade,15.6,0, Yellow Cling Sliced Peaches,-0.1,94
Simmer Sauce,12.5,0, Teriyaki,-0.1,58
Peanut Butter Powder,4.4,0, Tropical Passion,-0.0,52
Double Chocolate Muffin,11.2,0,Double Chocolate Muffin,-0.0,63
Trail Mix Premium Cookies,12.7,0, Butter Chicken,-0.1,90
Oatmeal Toasters,2.5,0,Oatmeal Toasters,-0.1,72
Authentic Red Beans & Rice,16.7,0,Authentic Red Beans & Rice,-0.0,39
Enrichie Vanille,9.8,0,Enrichie Vanille,-0.0,88
Fruit'n Yogurt Snacks,9.6,0, Cranberry Orange,-0.0,98
Assorted Lollies,4.2,0,Assorted Lollies,-0.0,86
Michigan Russet Potatoes,3.1,0,Michigan Russet Potatoes,-0.0,98
Stuffed Ham and Swiss Chicken Burgers,7.9,0, Blueberry,-0.0,52
Bagel Crisps,14.6,0,Bagel Crisps,-0.1,63
Fruit Salad,3.5,0, Sweetened Condensed,-0.1,75
1% Lowfat Milk,5.5,0,1% Lowfat Milk,-0.0,43
Tri-Color Cheese Tortellini,15.0,0,Tri-Color Cheese Tortellini,-0.1,89
Blackberry Cobbler,16.2,0, Roasted Garlic,-0.0,62
Infused Balsamic Vinegar,13.4,0, Tropical,-0.1,34
Shrimp,13.5,0,Shrimp,-0.1,41
Trail Mix,16.9,0,Trail Mix,-0.1,42
Feta Cheese,7.2,0,Feta Cheese,-0.0,80
Mesquite Marinade,13.1,0,Mesquite Marinade,-0.0,95
Sour Cream,12.7,0,Sour Cream,-0.1,89
California Roots,13.5,1,alcohol beverage,-0.0,36
Beck's Na,7.1,1,alcohol beverage,-0.1,55
Strongbow,6.3,1,alcohol beverage,-0.0,47
CRA-Z-ART,5.2,1, Light,-0.1,94
Silver Spring,9.9,1, Garlic Parmesan,-0.0,98
Jose Cuervo,13.3,1, Mixed Fruit,-0.1,97
Regatta,9.1,1,alcohol beverage,-0.0,90
boomchugalug,10.9,1,alcohol beverage,-0.0,49
Rose's,13.1,1, Peppercorn Blend,-0.0,97
Heineken,12.4,1, Condensed,-0.0,47
Roland,5.6,1,alcohol beverage,-0.1,58
Schweppes,6.7,1, with Broccoli,-0.0,86
Bar-S,6.6,1, Pinto,-0.1,49
Mirassou,3.9,1, Elderberry Hibiscus,-0.0,63
KooL-Aid,10.3,1, Jelly Bean,-0.1,65
Clamato,11.2,1,alcohol beverage,-0.0,34
ALAMOS,4.0,1, Light Caramel Glaze,-0.0,61
Melitta,2.3,1, Verde,-0.1,83
Leinenkugel's,15.3,1,alcohol beverage,-0.1,66
Seagram's,16.2,1,alcohol beverage,-0.1,72
El Jimador,2.2,1, Apple Cherry & Pear,-0.1,66
Dirty Sue,3.0,1, Golden Battered,-0.1,74
Vita Foods,6.7,1, Multigrain,-0.0,36
VIRGILS,12.7,1, Golden Curry,-0.1,59
Moet Chandon,6.9,1,alcohol beverage,-0.1,55
Wild,5.6,1,alcohol beverage,-0.0,55
Bravino,15.7,1,alcohol beverage,-0.0,54
WOODFORD,11.2,1,alcohol beverage,-0.1,91
Entwine,15.4,1,alcohol beverage,-0.0,81
Carnivor,4.8,1,alcohol beverage,-0.1,77
Meiomi,15.1,1,alcohol beverage,-0.0,84
Premium Dark Chocolate,11.9,0, with Mint Cookie Crunch and Rosemary Walnut Raisin,-0.1,64
Greek Yogurt,16.1,0, Lemon,-0.0,39
Blended Strawberry Lowfat Yogurt,16.5,0,Blended Strawberry Lowfat Yogurt,-0.0,98
Soft Cremes,10.3,0, Butterscotch & Caramel,-0.0,77
Porridge,5.2,0, Heirloom Rye,-0.1,56
Shredded Mozzarella Cheese,3.7,0,Shredded Mozzarella Cheese,-0.1,67
Burrito,12.7,0, Bean & Cheese,-0.0,36
Red Wine Vinegar,7.9,0,Red Wine Vinegar,-0.1,80
Sweet Strawberry Smoothie,7.4,0, Pasta,-0.1,50
Kendall-Jackson,5.7,1,alcohol beverage,-0.0,96
BOGLE,2.0,1,alcohol beverage,-0.1,58
Bartenura,15.0,1,alcohol beverage,-0.0,63
Middle,7.0,1,alcohol beverage,-0.1,51
Cook's,10.2,1,alcohol beverage,-0.0,58
Brown Rice 14 Oz,9.6,0,Brown Rice 14 Oz,-0.1,55
Chicken Sausage Burgers,11.1,0, Hot Italian Style,-0.1,76
European Baguette,13.9,0,European Baguette,-0.0,49
Tortilla Chips,7.0,0, Thick & Hearty Rounds,-0.0,78
Simply Made Cookies,10.0,0, Butter,-0.0,42
Chicken Breast,15.5,0, White Premium Chunk,-0.1,90
Bread,8.2,0, Premium White Enriched,-0.0,48
Lolailo,7.9,1,alcohol beverage,-0.1,69
Estancia,6.4,1,alcohol beverage,-0.1,79
Coppola,11.4,1,alcohol beverage,-0.1,83
Promisqous,15.5,1,alcohol beverage,-0.1,69
Shredded Cheese,11.9,0, Mozzarella,-0.1,64
Hot Dogs,4.2,0, Savory Meatless Franks,-0.0,89
Cheese,15.8,0, Italian Three Cheese,-0.1,94
Mini Omelets,5.1,0, with Reduced Fat Cheese,-0.1,42
Fruit Drink,16.3,0, Mixed Berry,-0.0,80
Potato Chips,12.2,0, Mild Cheddar,-0.1,74
Trout,9.5,0, Fireman's,-0.0,36
Raisin Bran,5.2,0, Golden Smoked Fillets 3.75 Oz,-0.1,93
Ripe Pitted Large Olives,12.0,0, Sharp Cheddar,-0.1,65
Chicken Kiev,6.5,0, BBQ Chicken,-0.0,48
Empanadas,15.8,0,Empanadas,-0.0,62
Southwestern Marinade,4.1,0, Beef,-0.1,61
Aged White Cheddar Popcorn,10.2,0,Aged White Cheddar Popcorn,-0.1,86
Cheddar Cheese Twice Baked Potatoes,3.6,0,Whole Peeled,-0.1,93
Frozen Smoothie Kit,15.4,0, Chocolate Peanut Butter,-0.1,36
Red Salmon,3.6,0, Fat Free,-0.1,59
Bud Light,9.1,1,alcohol beverage,-0.0,47
Corona Extra,4.2,1, Wild Alaska Sockeye,-0.1,66
Rolling Rock,14.9,1,alcohol beverage,-0.0,39
Stella Artois,14.1,1, Pineapple Banana,-0.0,61
Riunite,13.0,1, Wranglers Coarse Ground Cheese Smoked,-0.0,49
Effen,16.4,1,alcohol beverage,-0.1,99
RUMCHATA,10.5,1,alcohol beverage,-0.0,75
Pinnacle,2.8,1, Absolutely Zero,-0.0,77
Woodbridge,9.5,1, Holiday Homestyle,-0.0,94
Belle,6.7,1,alcohol beverage,-0.0,100
Shasta,7.7,1, Smooth with Caramel,-0.1,54
PongCaddie,16.9,1,alcohol beverage,-0.0,82
Budweiser,11.2,1,alcohol beverage,-0.0,34
Daily's,13.3,1,alcohol beverage,-0.1,84
Oak Leaf,4.6,1,alcohol beverage,-0.1,42
Martini & Rossi,9.7,1,alcohol beverage,-0.1,93
Sam's Choice,11.5,1,alcohol beverage,-0.1,89
Crown Royal,7.5,1,alcohol beverage,-0.0,94
Solana,14.5,1,alcohol beverage,-0.1,85
Cashews,14.8,0, BBQ Seasoned,-0.0,56
Salsa,7.7,0, 2% Reduced Fat,-0.0,35
Energy Gel,7.8,0,Energy Gel,-0.0,59
Pancakes,15.1,0,Pancakes,-0.1,41
Shortbread Tartlet Shells,2.9,0, Apple Lemon Ginger Cayenne Pepper,-0.1,61
Medallones Poblanos,9.6,0,Medallones Poblanos,-0.0,43
100% Pure Squeezed Orange Juice,7.4,0, Halves & Pieces Roasted,-0.0,74
Dressing,10.7,0, Original Gourmet,-0.1,48
Steamers Basil Vegetable Medley,16.1,0, Banana Peach,-0.0,68
Nonfat Greek Yogurt,8.9,0, Chocolate Chip,-0.0,45
Ziti,12.7,0,Ziti,-0.1,76
Raw Chocolate Truffle,7.8,0,Raw Chocolate Truffle,-0.1,80
Sausage Biscuits,6.2,0,Sausage Biscuits,-0.1,91
Turkey Breast,3.9,0, Sesame Ginger Dressing All Natural,-0.0,63
Pork Roll,8.4,0,Pork Roll,-0.0,90
Italian Rolls,7.9,0, Classic Cherry Fruit on the Bottom,-0.0,45
Mint Chocolate Chip Ice Cream,8.4,0,Mint Chocolate Chip Ice Cream,-0.0,64
Assorted Gelatin,11.3,0,Assorted Gelatin,-0.0,36
Chunk Light Tuna,14.7,0,Chunk Light Tuna,-0.1,91
Yogurt,16.9,0, Almond Caramel,-0.1,100
USDA Choice Top Sirloin Steak,6.1,0, Oven Roasted Shaved,-0.1,55
Ice Cream,5.1,0, Mild,-0.1,34
Chicken Wings,8.0,0,Chicken Wings,-0.0,66
Meatless Kielbasa,15.6,0,Meatless Kielbasa,-0.1,49
Sandwich Rounds,5.8,0,Sandwich Rounds,-0.1,91
Helados Mexico,13.6,1,alcohol beverage,-0.1,84
Bartles & James,5.9,1,alcohol beverage,-0.1,38
Admiral Nelson,15.5,1,alcohol beverage,-0.0,80
ROCKDALE,4.6,1,alcohol beverage,-0.0,86
Jack Daniel's,9.0,1,alcohol beverage,-0.0,72
KNOB CREEK,6.5,1,alcohol beverage,-0.0,54
MOGEN DAVID,2.8,1,alcohol beverage,-0.0,96
Carlo Rossi,7.8,1,alcohol beverage,-0.0,68
HORNITOS,6.8,1,alcohol beverage,-0.1,91
Blue Moon,9.7,1,alcohol beverage,-0.1,52
Spicy Pickles in Pretzel Coating,6.1,0, Koka Moka,-0.1,34
Organic,7.5,0, White Garlic,-0.0,61
Beef Jerky,8.1,0,Beef Jerky,-0.0,63
Smoothie,15.5,0,Smoothie,-0.1,74
Razz-Ade,3.8,0, Yellow Cling Sliced Peaches,-0.1,60
Simmer Sauce,2.5,0, Teriyaki,-0.1,67
Peanut Butter Powder,14.4,0, Tropical Passion,-0.1,85
Double Chocolate Muffin,15.7,0,Double Chocolate Muffin,-0.1,51
Trail Mix Premium Cookies,6.0,0, Butter Chicken,-0.0,68
Oatmeal Toasters,14.3,0,Oatmeal Toasters,-0.0,97
Authentic Red Beans & Rice,4.0,0,Authentic Red Beans & Rice,-0.1,44
Enrichie Vanille,6.3,0,Enrichie Vanille,-0.1,63
Fruit'n Yogurt Snacks,7.1,0, Cranberry Orange,-0.0,34
Assorted Lollies,16.9,0,Assorted Lollies,-0.0,40
Michigan Russet Potatoes,13.0,0,Michigan Russet Potatoes,-0.1,35
Stuffed Ham and Swiss Chicken Burgers,8.3,0, Blueberry,-0.0,68
Bagel Crisps,9.8,0,Bagel Crisps,-0.1,55
Fruit Salad,4.1,0, Sweetened Condensed,-0.1,35
1% Lowfat Milk,11.6,0,1% Lowfat Milk,-0.0,49
Tri-Color Cheese Tortellini,9.8,0,Tri-Color Cheese Tortellini,-0.0,52
Blackberry Cobbler,9.9,0, Roasted Garlic,-0.1,73
Infused Balsamic Vinegar,4.9,0, Tropical,-0.0,49
Shrimp,16.9,0,Shrimp,-0.0,83
Trail Mix,14.8,0,Trail Mix,-0.1,47
Feta Cheese,12.4,0,Feta Cheese,-0.0,40
Mesquite Marinade,4.7,0,Mesquite Marinade,-0.1,99
Sour Cream,8.5,0,Sour Cream,-0.0,92
California Roots,12.8,1,alcohol beverage,-0.0,90
Beck's Na,16.8,1,alcohol beverage,-0.0,69
Strongbow,7.8,1,alcohol beverage,-0.1,91
CRA-Z-ART,14.5,1, Light,-0.0,57
Silver Spring,5.3,1, Garlic Parmesan,-0.1,81
Jose Cuervo,8.4,1, Mixed Fruit,-0.1,94
Regatta,10.3,1,alcohol beverage,-0.0,66
boomchugalug,9.6,1,alcohol beverage,-0.1,37
Rose's,13.6,1, Peppercorn Blend,-0.1,64
Heineken,15.2,1, Condensed,-0.1,73
Roland,5.1,1,alcohol beverage,-0.0,68
Schweppes,3.7,1, with Broccoli,-0.0,92
Bar-S,6.6,1, Pinto,-0.0,97
Mirassou,2.2,1, Elderberry Hibiscus,-0.1,96
KooL-Aid,12.2,1, Jelly Bean,-0.0,73
Clamato,12.9,1,alcohol beverage,-0.0,75
ALAMOS,5.8,1, Light Caramel Glaze,-0.0,80
Melitta,6.9,1, Verde,-0.0,93
Leinenkugel's,2.5,1,alcohol beverage,-0.0,52
Seagram's,7.5,1,alcohol beverage,-0.0,70
El Jimador,4.8,1, Apple Cherry & Pear,-0.0,77
Dirty Sue,2.7,1, Golden Battered,-0.1,49
Vita Foods,5.0,1, Multigrain,-0.1,86
VIRGILS,2.6,1, Golden Curry,-0.0,87
Moet Chandon,7.6,1,alcohol beverage,-0.0,97
Wild,14.0,1,alcohol beverage,-0.1,59
Bravino,9.2,1,alcohol beverage,-0.0,41
WOODFORD,8.3,1,alcohol beverage,-0.1,48
Entwine,4.9,1,alcohol beverage,-0.1,61
Carnivor,13.9,1,alcohol beverage,-0.1,40
Meiomi,2.2,1,alcohol beverage,-0.1,84
Premium Dark Chocolate,6.9,0, with Mint Cookie Crunch and Rosemary Walnut Raisin,-0.0,42
Greek Yogurt,7.4,0, Lemon,-0.1,98
Blended Strawberry Lowfat Yogurt,4.8,0,Blended Strawberry Lowfat Yogurt,-0.0,46
Soft Cremes,10.5,0, Butterscotch & Caramel,-0.0,88
Porridge,6.9,0, Heirloom Rye,-0.0,40
Shredded Mozzarella Cheese,14.3,0,Shredded Mozzarella Cheese,-0.1,68
Burrito,14.3,0, Bean & Cheese,-0.0,38
Red Wine Vinegar,11.6,0,Red Wine Vinegar,-0.0,89
Sweet Strawberry Smoothie,3.1,0, Pasta,-0.1,45
Kendall-Jackson,9.0,1,alcohol beverage,-0.1,85
BOGLE,5.4,1,alcohol beverage,-0.1,65
Bartenura,13.4,1,alcohol beverage,-0.0,90
Middle,11.3,1,alcohol beverage,-0.1,73
Cook's,13.0,1,alcohol beverage,-0.0,81
Brown Rice 14 Oz,14.7,0,Brown Rice 14 Oz,-0.1,45
Chicken Sausage Burgers,12.8,0, Hot Italian Style,-0.0,98
European Baguette,10.1,0,European Baguette,-0.1,41
Tortilla Chips,16.9,0, Thick & Hearty Rounds,-0.1,69
Simply Made Cookies,2.5,0, Butter,-0.1,35
Chicken Breast,7.8,0, White Premium Chunk,-0.0,43
Bread,7.0,0, Premium White Enriched,-0.0,81
Lolailo,16.2,1,alcohol beverage,-0.0,65
Estancia,2.0,1,alcohol beverage,-0.0,46
Coppola,13.5,1,alcohol beverage,-0.0,65
Promisqous,15.1,1,alcohol beverage,-0.1,75
Shredded Cheese,5.0,0, Mozzarella,-0.0,94
Hot Dogs,16.4,0, Savory Meatless Franks,-0.1,52
Cheese,7.9,0, Italian Three Cheese,-0.0,91
Mini Omelets,5.9,0, with Reduced Fat Cheese,-0.1,39
Fruit Drink,9.8,0, Mixed Berry,-0.1,61
Potato Chips,12.8,0, Mild Cheddar,-0.1,40
Trout,9.7,0, Fireman's,-0.1,97
Raisin Bran,6.5,0, Golden Smoked Fillets 3.75 Oz,-0.1,79
Ripe Pitted Large Olives,2.3,0, Sharp Cheddar,-0.0,92
Chicken Kiev,11.5,0, BBQ Chicken,-0.0,70
Empanadas,11.9,0,Empanadas,-0.0,45
Southwestern Marinade,8.1,0, Beef,-0.1,55
Aged White Cheddar Popcorn,3.2,0,Aged White Cheddar Popcorn,-0.0,61
Cheddar Cheese Twice Baked Potatoes,2.5,0,Whole Peeled,-0.0,88
Frozen Smoothie Kit,11.2,0, Chocolate Peanut Butter,-0.0,65
Red Salmon,16.8,0, Fat Free,-0.0,81
Bud Light,15.7,1,alcohol beverage,-0.1,77
Corona Extra,7.8,1, Wild Alaska Sockeye,-0.0,82
Rolling Rock,11.1,1,alcohol beverage,-0.1,76
Stella Artois,6.8,1, Pineapple Banana,-0.1,92
Riunite,7.0,1, Wranglers Coarse Ground Cheese Smoked,-0.0,83
Effen,6.7,1,alcohol beverage,-0.0,82
RUMCHATA,8.5,1,alcohol beverage,-0.0,61
Pinnacle,16.0,1, Absolutely Zero,-0.0,44
Woodbridge,11.1,1, Holiday Homestyle,-0.1,84
Belle,14.2,1,alcohol beverage,-0.1,46
Shasta,12.1,1, Smooth with Caramel,-0.0,63
PongCaddie,10.5,1,alcohol beverage,-0.1,84
Budweiser,9.5,1,alcohol beverage,-0.1,87
Daily's,13.9,1,alcohol beverage,-0.1,38
Oak Leaf,14.3,1,alcohol beverage,-0.0,94
Martini & Rossi,10.3,1,alcohol beverage,-0.1,59
Sam's Choice,11.7,1,alcohol beverage,-0.0,68
Crown Royal,6.6,1,alcohol beverage,-0.0,85
Solana,6.0,1,alcohol beverage,-0.1,99
Cashews,5.0,0, BBQ Seasoned,-0.0,98
Salsa,6.7,0, 2% Reduced Fat,-0.0,69
Energy Gel,6.5,0,Energy Gel,-0.1,59
Pancakes,7.2,0,Pancakes,-0.1,72
Shortbread Tartlet Shells,4.8,0, Apple Lemon Ginger Cayenne Pepper,-0.1,98
Medallones Poblanos,5.3,0,Medallones Poblanos,-0.1,65
100% Pure Squeezed Orange Juice,14.5,0, Halves & Pieces Roasted,-0.0,89
Dressing,9.1,0, Original Gourmet,-0.0,57
Steamers Basil Vegetable Medley,10.3,0, Banana Peach,-0.0,80
Nonfat Greek Yogurt,12.4,0, Chocolate Chip,-0.1,35
Ziti,8.7,0,Ziti,-0.1,39
Raw Chocolate Truffle,15.8,0,Raw Chocolate Truffle,-0.0,60
Sausage Biscuits,15.9,0,Sausage Biscuits,-0.0,72
Turkey Breast,7.1,0, Sesame Ginger Dressing All Natural,-0.0,42
Pork Roll,11.7,0,Pork Roll,-0.0,56
Italian Rolls,16.9,0, Classic Cherry Fruit on the Bottom,-0.0,35
Mint Chocolate Chip Ice Cream,4.9,0,Mint Chocolate Chip Ice Cream,-0.0,89
Assorted Gelatin,8.9,0,Assorted Gelatin,-0.1,80
Chunk Light Tuna,13.2,0,Chunk Light Tuna,-0.0,85
Yogurt,16.1,0, Almond Caramel,-0.0,36
USDA Choice Top Sirloin Steak,11.4,0, Oven Roasted Shaved,-0.0,73
Ice Cream,4.5,0, Mild,-0.1,80
Chicken Wings,7.3,0,Chicken Wings,-0.0,92
Meatless Kielbasa,12.6,0,Meatless Kielbasa,-0.1,84
Sandwich Rounds,4.5,0,Sandwich Rounds,-0.1,95
Helados Mexico,10.2,1,alcohol beverage,-0.1,81
Bartles & James,12.9,1,alcohol beverage,-0.1,94
Admiral Nelson,10.1,1,alcohol beverage,-0.1,59
ROCKDALE,9.6,1,alcohol beverage,-0.1,77
Jack Daniel's,9.5,1,alcohol beverage,-0.1,60
KNOB CREEK,3.7,1,alcohol beverage,-0.0,52
MOGEN DAVID,12.6,1,alcohol beverage,-0.0,71
Carlo Rossi,7.1,1,alcohol beverage,-0.0,99
HORNITOS,15.3,1,alcohol beverage,-0.1,49
Blue Moon,6.1,1,alcohol beverage,-0.0,40
Spicy Pickles in Pretzel Coating,12.3,0, Koka Moka,-0.1,93
Organic,4.7,0, White Garlic,-0.1,82
Beef Jerky,9.3,0,Beef Jerky,-0.0,55
Smoothie,15.7,0,Smoothie,-0.1,45
Razz-Ade,3.3,0, Yellow Cling Sliced Peaches,-0.0,66
Simmer Sauce,10.1,0, Teriyaki,-0.0,60
Peanut Butter Powder,13.2,0, Tropical Passion,-0.1,40
Double Chocolate Muffin,6.8,0,Double Chocolate Muffin,-0.0,60
Trail Mix Premium Cookies,13.7,0, Butter Chicken,-0.1,97
Oatmeal Toasters,2.6,0,Oatmeal Toasters,-0.0,76
Authentic Red Beans & Rice,8.7,0,Authentic Red Beans & Rice,-0.1,56
Enrichie Vanille,2.0,0,Enrichie Vanille,-0.1,80
Fruit'n Yogurt Snacks,3.6,0, Cranberry Orange,-0.1,43
Assorted Lollies,13.7,0,Assorted Lollies,-0.1,41
Michigan Russet Potatoes,3.0,0,Michigan Russet Potatoes,-0.1,78
Stuffed Ham and Swiss Chicken Burgers,2.4,0, Blueberry,-0.1,57
Bagel Crisps,12.7,0,Bagel Crisps,-0.1,77
Fruit Salad,9.9,0, Sweetened Condensed,-0.0,44
1% Lowfat Milk,14.4,0,1% Lowfat Milk,-0.0,39
Tri-Color Cheese Tortellini,5.4,0,Tri-Color Cheese Tortellini,-0.1,49
Blackberry Cobbler,2.8,0, Roasted Garlic,-0.1,61
Infused Balsamic Vinegar,12.6,0, Tropical,-0.1,88
Shrimp,15.8,0,Shrimp,-0.1,65
Trail Mix,12.9,0,Trail Mix,-0.1,88
Feta Cheese,3.1,0,Feta Cheese,-0.1,74
Mesquite Marinade,8.3,0,Mesquite Marinade,-0.1,65
Sour Cream,10.9,0,Sour Cream,-0.0,42
California Roots,2.7,1,alcohol beverage,-0.1,77
Beck's Na,5.6,1,alcohol beverage,-0.0,53
Strongbow,10.6,1,alcohol beverage,-0.0,80
CRA-Z-ART,10.7,1, Light,-0.1,47
Silver Spring,11.6,1, Garlic Parmesan,-0.1,77
Jose Cuervo,15.5,1, Mixed Fruit,-0.0,46
Regatta,2.6,1,alcohol beverage,-0.0,62
boomchugalug,12.6,1,alcohol beverage,-0.0,57
Rose's,4.9,1, Peppercorn Blend,-0.1,64
Heineken,8.1,1, Condensed,-0.1,54
Roland,14.8,1,alcohol beverage,-0.1,39
Schweppes,5.2,1, with Broccoli,-0.1,61
Bar-S,12.7,1, Pinto,-0.1,83
Mirassou,4.4,1, Elderberry Hibiscus,-0.1,55
KooL-Aid,5.0,1, Jelly Bean,-0.0,38
Clamato,13.3,1,alcohol beverage,-0.0,86
ALAMOS,7.2,1, Light Caramel Glaze,-0.1,85
Melitta,12.5,1, Verde,-0.0,43
Leinenkugel's,4.3,1,alcohol beverage,-0.0,72
Seagram's,5.5,1,alcohol beverage,-0.1,60
El Jimador,7.3,1, Apple Cherry & Pear,-0.0,95
Dirty Sue,5.8,1, Golden Battered,-0.0,58
Vita Foods,14.0,1, Multigrain,-0.1,62
VIRGILS,15.0,1, Golden Curry,-0.1,80
Moet Chandon,15.4,1,alcohol beverage,-0.0,80
Wild,12.6,1,alcohol beverage,-0.0,50
Bravino,8.3,1,alcohol beverage,-0.1,56
WOODFORD,5.9,1,alcohol beverage,-0.0,61
Entwine,9.9,1,alcohol beverage,-0.1,75
Carnivor,3.4,1,alcohol beverage,-0.0,52
Meiomi,14.3,1,alcohol beverage,-0.1,73
Premium Dark Chocolate,6.4,0, with Mint Cookie Crunch and Rosemary Walnut Raisin,-0.1,53
Greek Yogurt,12.5,0, Lemon,-0.0,83
Blended Strawberry Lowfat Yogurt,4.9,0,Blended Strawberry Lowfat Yogurt,-0.1,79
Soft Cremes,14.2,0, Butterscotch & Caramel,-0.1,61
Porridge,3.2,0, Heirloom Rye,-0.1,35
Shredded Mozzarella Cheese,4.7,0,Shredded Mozzarella Cheese,-0.0,91
Burrito,11.1,0, Bean & Cheese,-0.1,41
Red Wine Vinegar,6.2,0,Red Wine Vinegar,-0.0,74
Sweet Strawberry Smoothie,12.2,0, Pasta,-0.0,77
Kendall-Jackson,7.6,1,alcohol beverage,-0.1,46
BOGLE,6.5,1,alcohol beverage,-0.0,65
Bartenura,15.1,1,alcohol beverage,-0.1,49
Middle,5.5,1,alcohol beverage,-0.1,39
Cook's,4.3,1,alcohol beverage,-0.0,51
Brown Rice 14 Oz,2.7,0,Brown Rice 14 Oz,-0.1,61
Chicken Sausage Burgers,16.7,0, Hot Italian Style,-0.0,83
European Baguette,11.9,0,European Baguette,-0.0,81
Tortilla Chips,12.1,0, Thick & Hearty Rounds,-0.1,78
Simply Made Cookies,12.9,0, Butter,-0.1,42
Chicken Breast,2.7,0, White Premium Chunk,-0.1,68
Bread,6.7,0, Premium White Enriched,-0.0,65
Lolailo,5.8,1,alcohol beverage,-0.1,39
Estancia,10.9,1,alcohol beverage,-0.0,99
Coppola,7.5,1,alcohol beverage,-0.0,57
Promisqous,3.7,1,alcohol beverage,-0.0,46
Shredded Cheese,6.0,0, Mozzarella,-0.0,43
Hot Dogs,7.2,0, Savory Meatless Franks,-0.1,98
Cheese,12.8,0, Italian Three Cheese,-0.1,65
Mini Omelets,5.6,0, with Reduced Fat Cheese,-0.0,69
Fruit Drink,4.5,0, Mixed Berry,-0.0,99
Potato Chips,7.4,0, Mild Cheddar,-0.1,64
Trout,5.3,0, Fireman's,-0.1,56
Raisin Bran,10.5,0, Golden Smoked Fillets 3.75 Oz,-0.0,67
Ripe Pitted Large Olives,12.9,0, Sharp Cheddar,-0.1,41
Chicken Kiev,7.4,0, BBQ Chicken,-0.1,44
Empanadas,15.1,0,Empanadas,-0.1,45
Southwestern Marinade,10.9,0, Beef,-0.1,87
Aged White Cheddar Popcorn,4.2,0,Aged White Cheddar Popcorn,-0.0,61
Cheddar Cheese Twice Baked Potatoes,9.3,0,Whole Peeled,-0.0,75
Frozen Smoothie Kit,13.7,0, Chocolate Peanut Butter,-0.1,44
Red Salmon,10.5,0, Fat Free,-0.1,76
Bud Light,3.4,1,alcohol beverage,-0.1,39
Corona Extra,6.8,1, Wild Alaska Sockeye,-0.1,51
Rolling Rock,6.5,1,alcohol beverage,-0.0,75
Stella Artois,11.0,1, Pineapple Banana,-0.0,68
Riunite,3.0,1, Wranglers Coarse Ground Cheese Smoked,-0.0,70
Effen,11.3,1,alcohol beverage,-0.1,55
RUMCHATA,8.5,1,alcohol beverage,-0.0,36
Pinnacle,8.2,1, Absolutely Zero,-0.0,79
Woodbridge,4.7,1, Holiday Homestyle,-0.1,97
Belle,10.6,1,alcohol beverage,-0.0,67
Shasta,7.6,1, Smooth with Caramel,-0.0,97
PongCaddie,6.4,1,alcohol beverage,-0.0,38
Budweiser,12.8,1,alcohol beverage,-0.1,45
Daily's,17.0,1,alcohol beverage,-0.1,97
Oak Leaf,10.6,1,alcohol beverage,-0.1,80
Martini & Rossi,9.8,1,alcohol beverage,-0.0,40
Sam's Choice,2.4,1,alcohol beverage,-0.0,90
Crown Royal,16.8,1,alcohol beverage,-0.1,36
Solana,8.0,1,alcohol beverage,-0.1,100
Cashews,13.1,0, BBQ Seasoned,-0.0,82
Salsa,12.0,0, 2% Reduced Fat,-0.1,35
Energy Gel,2.9,0,Energy Gel,-0.1,48
Pancakes,9.0,0,Pancakes,-0.1,72
Shortbread Tartlet Shells,13.0,0, Apple Lemon Ginger Cayenne Pepper,-0.0,39
Medallones Poblanos,16.3,0,Medallones Poblanos,-0.0,47
100% Pure Squeezed Orange Juice,5.4,0, Halves & Pieces Roasted,-0.1,59
Dressing,14.2,0, Original Gourmet,-0.0,84
Steamers Basil Vegetable Medley,12.0,0, Banana Peach,-0.1,71
Nonfat Greek Yogurt,6.8,0, Chocolate Chip,-0.1,54
Ziti,8.3,0,Ziti,-0.1,44
Raw Chocolate Truffle,4.3,0,Raw Chocolate Truffle,-0.0,91
Sausage Biscuits,10.1,0,Sausage Biscuits,-0.1,82
Turkey Breast,13.9,0, Sesame Ginger Dressing All Natural,-0.0,57
Pork Roll,7.0,0,Pork Roll,-0.0,58
Italian Rolls,4.3,0, Classic Cherry Fruit on the Bottom,-0.1,34
Mint Chocolate Chip Ice Cream,16.8,0,Mint Chocolate Chip Ice Cream,-0.0,97
Assorted Gelatin,5.6,0,Assorted Gelatin,-0.0,87
Chunk Light Tuna,15.9,0,Chunk Light Tuna,-0.1,54
Yogurt,10.6,0, Almond Caramel,-0.0,41
USDA Choice Top Sirloin Steak,3.6,0, Oven Roasted Shaved,-0.1,94
Ice Cream,4.4,0, Mild,-0.1,87
Chicken Wings,11.0,0,Chicken Wings,-0.0,78
Meatless Kielbasa,10.1,0,Meatless Kielbasa,-0.1,72
Sandwich Rounds,6.8,0,Sandwich Rounds,-0.0,83
Helados Mexico,15.2,1,alcohol beverage,-0.0,44
Bartles & James,11.9,1,alcohol beverage,-0.1,63
Admiral Nelson,12.3,1,alcohol beverage,-0.0,46
ROCKDALE,4.9,1,alcohol beverage,-0.1,44
Jack Daniel's,15.5,1,alcohol beverage,-0.1,73
KNOB CREEK,11.7,1,alcohol beverage,-0.1,68
MOGEN DAVID,6.2,1,alcohol beverage,-0.1,98
Carlo Rossi,13.2,1,alcohol beverage,-0.1,43
HORNITOS,12.2,1,alcohol beverage,-0.0,49
Blue Moon,9.1,1,alcohol beverage,-0.0,74
Spicy Pickles in Pretzel Coating,17.0,0, Koka Moka,-0.1,71
Organic,2.4,0, White Garlic,-0.0,52
Beef Jerky,7.2,0,Beef Jerky,-0.0,82
Smoothie,9.1,0,Smoothie,-0.0,82
Razz-Ade,9.3,0, Yellow Cling Sliced Peaches,-0.1,35
Simmer Sauce,5.5,0, Teriyaki,-0.1,74
Peanut Butter Powder,13.9,0, Tropical Passion,-0.1,81
Double Chocolate Muffin,9.4,0,Double Chocolate Muffin,-0.1,57
Trail Mix Premium Cookies,11.0,0, Butter Chicken,-0.0,91
Oatmeal Toasters,14.7,0,Oatmeal Toasters,-0.1,42
Authentic Red Beans & Rice,14.9,0,Authentic Red Beans & Rice,-0.0,89
Enrichie Vanille,5.6,0,Enrichie Vanille,-0.0,88
Fruit'n Yogurt Snacks,4.8,0, Cranberry Orange,-0.0,46
Assorted Lollies,5.7,0,Assorted Lollies,-0.0,49
Michigan Russet Potatoes,8.0,0,Michigan Russet Potatoes,-0.1,97
Stuffed Ham and Swiss Chicken Burgers,16.9,0, Blueberry,-0.1,51
Bagel Crisps,9.8,0,Bagel Crisps,-0.1,72
Fruit Salad,8.7,0, Sweetened Condensed,-0.1,97
1% Lowfat Milk,2.3,0,1% Lowfat Milk,-0.0,86
Tri-Color Cheese Tortellini,11.6,0,Tri-Color Cheese Tortellini,-0.1,43
Blackberry Cobbler,6.8,0, Roasted Garlic,-0.0,57
Infused Balsamic Vinegar,13.9,0, Tropical,-0.1,78
Shrimp,6.7,0,Shrimp,-0.1,51
Trail Mix,5.9,0,Trail Mix,-0.0,89
Feta Cheese,10.9,0,Feta Cheese,-0.1,60
Mesquite Marinade,12.4,0,Mesquite Marinade,-0.1,86
Sour Cream,5.6,0,Sour Cream,-0.1,66
California Roots,7.0,1,alcohol beverage,-0.1,65
Beck's Na,6.2,1,alcohol beverage,-0.1,71
Strongbow,14.6,1,alcohol beverage,-0.1,67
CRA-Z-ART,15.7,1, Light,-0.0,62
Silver Spring,4.2,1, Garlic Parmesan,-0.0,91
Jose Cuervo,6.6,1, Mixed Fruit,-0.1,77
Regatta,3.8,1,alcohol beverage,-0.0,82
boomchugalug,9.1,1,alcohol beverage,-0.1,54
Rose's,10.5,1, Peppercorn Blend,-0.0,88
Heineken,6.3,1, Condensed,-0.1,89
Roland,13.9,1,alcohol beverage,-0.1,38
Schweppes,10.9,1, with Broccoli,-0.0,98
Bar-S,16.5,1, Pinto,-0.1,88
Mirassou,6.6,1, Elderberry Hibiscus,-0.0,47
KooL-Aid,3.2,1, Jelly Bean,-0.1,99
Clamato,7.3,1,alcohol beverage,-0.1,94
ALAMOS,12.3,1, Light Caramel Glaze,-0.1,78
Melitta,9.8,1, Verde,-0.1,99
Leinenkugel's,6.3,1,alcohol beverage,-0.0,88
Seagram's,13.3,1,alcohol beverage,-0.0,94
El Jimador,15.8,1, Apple Cherry & Pear,-0.0,89
Dirty Sue,11.3,1, Golden Battered,-0.0,91
Vita Foods,6.8,1, Multigrain,-0.1,50
VIRGILS,6.0,1, Golden Curry,-0.1,81
Moet Chandon,13.3,1,alcohol beverage,-0.1,52
Wild,11.5,1,alcohol beverage,-0.1,62
Bravino,7.3,1,alcohol beverage,-0.0,64
WOODFORD,15.9,1,alcohol beverage,-0.1,81
Entwine,16.5,1,alcohol beverage,-0.0,62
Carnivor,2.6,1,alcohol beverage,-0.0,47
Meiomi,6.5,1,alcohol beverage,-0.1,58
Premium Dark Chocolate,2.4,0, with Mint Cookie Crunch and Rosemary Walnut Raisin,-0.0,61
Greek Yogurt,14.2,0, Lemon,-0.0,48
Blended Strawberry Lowfat Yogurt,9.3,0,Blended Strawberry Lowfat Yogurt,-0.0,75
Soft Cremes,16.8,0, Butterscotch & Caramel,-0.1,34
Porridge,4.3,0, Heirloom Rye,-0.0,74
Shredded Mozzarella Cheese,14.6,0,Shredded Mozzarella Cheese,-0.1,93
Burrito,5.4,0, Bean & Cheese,-0.1,62
Red Wine Vinegar,9.1,0,Red Wine Vinegar,-0.0,93
Sweet Strawberry Smoothie,10.8,0, Pasta,-0.0,71
Kendall-Jackson,15.1,1,alcohol beverage,-0.0,54
BOGLE,16.7,1,alcohol beverage,-0.1,74
Bartenura,13.4,1,alcohol beverage,-0.1,37
Middle,9.5,1,alcohol beverage,-0.1,59
Cook's,10.5,1,alcohol beverage,-0.0,97
Brown Rice 14 Oz,14.7,0,Brown Rice 14 Oz,-0.0,98
Chicken Sausage Burgers,9.0,0, Hot Italian Style,-0.0,43
European Baguette,5.9,0,European Baguette,-0.1,61
Tortilla Chips,8.6,0, Thick & Hearty Rounds,-0.1,47
Simply Made Cookies,4.2,0, Butter,-0.0,59
Chicken Breast,11.9,0, White Premium Chunk,-0.0,69
Bread,16.9,0, Premium White Enriched,-0.1,55
Lolailo,14.7,1,alcohol beverage,-0.0,76
Estancia,4.1,1,alcohol beverage,-0.1,100
Coppola,3.4,1,alcohol beverage,-0.0,58
Promisqous,9.6,1,alcohol beverage,-0.1,99
Shredded Cheese,8.4,0, Mozzarella,-0.1,78
Hot Dogs,3.9,0, Savory Meatless Franks,-0.1,94
Cheese,6.6,0, Italian Three Cheese,-0.1,50
Mini Omelets,12.0,0, with Reduced Fat Cheese,-0.0,42
Fruit Drink,9.9,0, Mixed Berry,-0.1,66
Potato Chips,16.5,0, Mild Cheddar,-0.1,38
Trout,4.7,0, Fireman's,-0.0,36
Raisin Bran,12.1,0, Golden Smoked Fillets 3.75 Oz,-0.1,40
Ripe Pitted Large Olives,2.8,0, Sharp Cheddar,-0.1,62
Chicken Kiev,9.5,0, BBQ Chicken,-0.1,88
Empanadas,8.3,0,Empanadas,-0.0,85
Southwestern Marinade,6.5,0, Beef,-0.1,67
Aged White Cheddar Popcorn,13.9,0,Aged White Cheddar Popcorn,-0.0,78
Cheddar Cheese Twice Baked Potatoes,5.9,0,Whole Peeled,-0.1,62
Frozen Smoothie Kit,11.7,0, Chocolate Peanut Butter,-0.0,62
Red Salmon,7.1,0, Fat Free,-0.1,80
Bud Light,7.1,1,alcohol beverage,-0.0,80
Corona Extra,10.9,1, Wild Alaska Sockeye,-0.1,35
Rolling Rock,11.2,1,alcohol beverage,-0.0,83
Stella Artois,16.9,1, Pineapple Banana,-0.1,60
Riunite,10.2,1, Wranglers Coarse Ground Cheese Smoked,-0.1,53
Effen,7.3,1,alcohol beverage,-0.1,58
RUMCHATA,13.1,1,alcohol beverage,-0.1,68
Pinnacle,3.4,1, Absolutely Zero,-0.0,57
Woodbridge,6.6,1, Holiday Homestyle,-0.1,78
Belle,16.3,1,alcohol beverage,-0.1,37
Shasta,14.5,1, Smooth with Caramel,-0.0,53
PongCaddie,15.4,1,alcohol beverage,-0.1,86
Budweiser,10.0,1,alcohol beverage,-0.1,94
Daily's,4.4,1,alcohol beverage,-0.1,66
Oak Leaf,10.3,1,alcohol beverage,-0.1,75
Martini & Rossi,14.4,1,alcohol beverage,-0.1,100
Sam's Choice,8.6,1,alcohol beverage,-0.0,46
Crown Royal,5.4,1,alcohol beverage,-0.0,89
Solana,3.0,1,alcohol beverage,-0.0,90
Cashews,9.6,0, BBQ Seasoned,-0.1,70
Salsa,16.5,0, 2% Reduced Fat,-0.1,40
Energy Gel,3.0,0,Energy Gel,-0.0,42
Pancakes,11.0,0,Pancakes,-0.1,93
Shortbread Tartlet Shells,11.3,0, Apple Lemon Ginger Cayenne Pepper,-0.0,50
Medallones Poblanos,12.2,0,Medallones Poblanos,-0.1,91
100% Pure Squeezed Orange Juice,10.2,0, Halves & Pieces Roasted,-0.1,62
Dressing,6.2,0, Original Gourmet,-0.1,82
Steamers Basil Vegetable Medley,2.1,0, Banana Peach,-0.0,47
Nonfat Greek Yogurt,3.8,0, Chocolate Chip,-0.1,78
Ziti,15.9,0,Ziti,-0.1,60
Raw Chocolate Truffle,14.4,0,Raw Chocolate Truffle,-0.1,37
Sausage Biscuits,9.8,0,Sausage Biscuits,-0.1,96
Turkey Breast,4.6,0, Sesame Ginger Dressing All Natural,-0.0,79
Pork Roll,12.3,0,Pork Roll,-0.1,95
Italian Rolls,10.1,0, Classic Cherry Fruit on the Bottom,-0.1,81
Mint Chocolate Chip Ice Cream,6.2,0,Mint Chocolate Chip Ice Cream,-0.0,89
Assorted Gelatin,15.5,0,Assorted Gelatin,-0.1,83
